equipmentId,tenantId,plantId,effectiveFrom,effectiveTo,timeZone,shifts,weekdays,downtimeComplete,productCode,idealHours
MC081,TNT-0001,PLNT-0001,2026-01-01,2026-12-31,Asia/Kolkata,1;2;3,all,true,AMISULPRIDE 200MG,2.84
MC081,TNT-0001,PLNT-0001,2026-01-01,2026-12-31,Asia/Kolkata,1;2;3,all,true,AMISULPRIDE 100MG,4.72
MC081,TNT-0001,PLNT-0001,2026-01-01,2026-12-31,Asia/Kolkata,1;2;3,all,true,MIRTAZAPINE OD 45MG,1.83
MC081,TNT-0001,PLNT-0001,2026-01-01,2026-12-31,Asia/Kolkata,1;2;3,all,true,MIRTAZAPINE OD 15MG,4.09
MC081,TNT-0001,PLNT-0001,2026-01-01,2026-12-31,Asia/Kolkata,1;2;3,all,true,MIRTAZAPINE OD 30MG,2.75
MC081,TNT-0001,PLNT-0001,2026-01-01,2026-12-31,Asia/Kolkata,1;2;3,all,true,SERTRALINE 50MG,4.45
MC081,TNT-0001,PLNT-0001,2026-01-01,2026-12-31,Asia/Kolkata,1;2;3,all,true,SERTRALINE 100MG,3.87
MB041,TNT-0001,PLNT-0001,2026-01-01,2026-12-31,Asia/Kolkata,1;2;3,all,true,PAROXETINE USP 40 MG,7.73
MB041,TNT-0001,PLNT-0001,2026-01-01,2026-12-31,Asia/Kolkata,1;2;3,all,true,PAROXETINE USP 20MG,7.65
MB041,TNT-0001,PLNT-0001,2026-01-01,2026-12-31,Asia/Kolkata,1;2;3,all,true,CARVEDILOL 12.5MG,7.58
MB003,TNT-0001,PLNT-0001,2026-01-01,2026-12-31,Asia/Kolkata,1;2;3,all,true,,
MB004,TNT-0001,PLNT-0001,2026-01-01,2026-12-31,Asia/Kolkata,1;2;3,all,true,,
MB005,TNT-0001,PLNT-0001,2026-01-01,2026-12-31,Asia/Kolkata,1;2;3,all,true,,
