equipmentId,tenantId,plantId,date,startTime,endTime,classification,category,reason,comments,timeZone
MC081,TNT-0001,PLNT-0001,2026-10-03,06:00,07:00,PLANNED,Cleaning,Line clearance before new batch,Type B cleaning,Asia/Kolkata
MC081,TNT-0001,PLNT-0001,2026-10-04,10:30,11:15,UNPLANNED,Minor Stoppage,Punch sticking,"Punches cleaned, restarted",Asia/Kolkata
MC081,TNT-0001,PLNT-0001,2026-10-06,14:00,16:00,PLANNED,Changeover,Product changeover to Sertraline 50mg,,Asia/Kolkata
MC081,TNT-0001,PLNT-0001,2026-10-08,23:00,01:00,UNPLANNED,Equipment Failure,Feeder motor trip,Crosses midnight,Asia/Kolkata
MB041,TNT-0001,PLNT-0001,2026-10-03,08:00,09:30,PLANNED,Preventive Maintenance,Spray gun PM,,Asia/Kolkata
MB041,TNT-0001,PLNT-0001,2026-10-05,15:00,15:40,UNPLANNED,Process Deviation,Inlet air temperature out of range,,Asia/Kolkata
MB041,TNT-0001,PLNT-0001,2026-10-07,06:00,07:30,PLANNED,Calibration,Pan load cell calibration,,Asia/Kolkata
MB003,TNT-0001,PLNT-0001,2026-10-04,12:00,13:00,PLANNED,Cleaning,Bowl cleaning,,Asia/Kolkata
MB004,TNT-0001,PLNT-0001,2026-10-05,09:00,09:45,UNPLANNED,Utility Failure,Compressed air pressure drop,,Asia/Kolkata
MB005,TNT-0001,PLNT-0001,2026-10-09,18:00,19:00,PLANNED,Break,Shift handover meeting,,Asia/Kolkata
